Index,Customer Id,First Name,Last Name,Company,City,Country,Phone 1,Phone 2,Email,Subscription Date,Website
1,09c7e88923cD18c,Chloe,Smith,Blue Harbor Ltd,Osaka,Japan,+88-473-759-6163,(749)935-8175,chloe.smith0@example.com,2022-06-11,https://www.blue38.example.com
2,7daf226DD724997,Noah,Tanaka,Pioneer Labs,Berlin,Germany,+58-781-806-4730,(666)646-7823,noah.tanaka1@example.com,2022-12-23,https://www.pioneer33.example.com
3,bF0405DBbe03b3f,Noah,Shah,Summit Energy,Lyon,France,+37-219-341-5484,(696)203-8326,noah.shah2@example.com,2021-02-26,https://www.summit25.example.com
4,Efd1a0E2CbcF1EB,Leah,Müller,Vertex Logistics,Mumbai,India,+72-414-342-2154,(802)851-4725,leah.muller3@example.com,2021-09-14,https://www.vertex23.example.com
5,5CAD27ad8FCd9Da,Maya,Garcia,Nimbus Analytics,Perth,Australia,+54-754-283-7730,(837)877-9185,maya.garcia4@example.com,2022-04-18,https://www.nimbus46.example.com
6,E0EAB686B6C4fd1,Maya,Nguyen,Summit Energy,Boston,United States,+30-999-239-2353,(771)119-1375,maya.nguyen5@example.com,2020-06-10,https://www.summit25.example.com
7,5baDb4F9aD3eEB7,Zara,Silva,Nimbus Analytics,Denver,United States,+28-827-633-8731,(697)123-1567,zara.silva6@example.com,2021-02-03,https://www.nimbus94.example.com
8,DcD9C07c52D4caf,Kenji,Müller,Pioneer Labs,Ahmedabad,India,+49-521-374-8992,(828)236-5859,kenji.muller7@example.com,2022-02-25,https://www.pioneer12.example.com
9,B6A4C92FBCa3443,Priya,Nguyen,Nimbus Analytics,Mumbai,India,+77-299-647-8361,(317)675-4422,priya.nguyen8@example.com,2020-03-01,https://www.nimbus31.example.com
10,Cd8ec258cC25FeB,Priya,Khan,Kestrel Foods,Bengaluru,India,+79-706-298-2547,(675)774-2205,priya.khan9@example.com,2022-11-21,https://www.kestrel81.example.com
11,A08efd6a1fce1D3,Emma,Khan,Summit Energy,Durban,South Africa,+52-780-281-6159,(659)779-2743,emma.khan10@example.com,2022-11-05,https://www.summit63.example.com
12,0f78e8ed3620EF9,Mateo,Kim,Lumen Media,Ahmedabad,India,+77-873-622-5876,(327)804-2487,mateo.kim11@example.com,2021-09-22,https://www.lumen56.example.com
13,79ECcb069194aE2,Omar,Walker,Sparrow Retail,Munich,Germany,+8-755-405-1730,(663)485-8259,omar.walker12@example.com,2022-01-02,https://www.sparrow72.example.com
14,4dcDC2A80aFf1Dd,Sofia,Lopez,Orchid Health,Ahmedabad,India,+93-431-827-4889,(268)384-9530,sofia.lopez13@example.com,2020-04-25,https://www.orchid70.example.com
15,5EEA3A91EDB2fa8,Hana,Müller,Nimbus Analytics,Berlin,Germany,+66-507-732-9563,(828)252-4571,hana.muller14@example.com,2022-03-16,https://www.nimbus14.example.com
16,ADC3bf3fda1fB80,Leah,Khan,Kestrel Foods,Berlin,Germany,+47-871-419-6612,(505)729-7364,leah.khan15@example.com,2021-04-18,https://www.kestrel42.example.com
17,8574A61eD8c1Ee0,Priya,Müller,Granite Works,Bengaluru,India,+5-856-892-3406,(960)835-2775,priya.muller16@example.com,2022-02-21,https://www.granite67.example.com
18,cD1d15cbeC695aC,Sofia,Rossi,Granite Works,Hobart,Australia,+97-701-710-2421,(844)738-3397,sofia.rossi17@example.com,2021-07-26,https://www.granite10.example.com
19,8Ac9b0CBccd5918,Mateo,Lopez,Summit Energy,Austin,United States,+14-603-248-5733,(635)424-9843,mateo.lopez18@example.com,2021-03-12,https://www.summit59.example.com
20,Bd8A002ea0B56C9,Emma,Nguyen,Kestrel Foods,Lyon,France,+10-440-837-7760,(251)639-3846,emma.nguyen19@example.com,2021-09-13,https://www.kestrel20.example.com
21,74Efdbb9AdeCf5E,Emma,Khan,Nimbus Analytics,Bristol,United Kingdom,+72-754-291-2893,(671)718-9531,emma.khan20@example.com,2021-03-14,https://www.nimbus77.example.com
22,BD9edF70eCBd334,Emma,Kim,Sparrow Retail,Calgary,Canada,+99-472-843-3166,(550)299-8112,emma.kim21@example.com,2020-11-24,https://www.sparrow67.example.com
23,CEf2d40dBb5D1eb,Kenji,Kim,Vertex Logistics,Durban,South Africa,+27-906-604-7555,(781)418-2814,kenji.kim22@example.com,2022-02-16,https://www.vertex13.example.com
24,ebaAB0FaC351ADF,Mateo,Brown,Summit Energy,Calgary,Canada,+90-399-985-6754,(684)919-2921,mateo.brown23@example.com,2022-07-15,https://www.summit2.example.com
25,F003E4E03CDBEE5,Ethan,Brown,Summit Energy,Hobart,Australia,+21-475-486-9035,(726)359-8526,ethan.brown24@example.com,2020-11-14,https://www.summit13.example.com
26,3C05152FB1Dd02D,Omar,Brown,Sparrow Retail,Munich,Germany,+41-389-471-4403,(256)236-1692,omar.brown25@example.com,2020-10-26,https://www.sparrow8.example.com
27,9e5Bf1C5dCa1A8e,Kenji,Müller,Sparrow Retail,Sapporo,Japan,+36-307-551-6266,(794)225-4547,kenji.muller26@example.com,2021-08-06,https://www.sparrow73.example.com
28,9Bf49CebdB3C77A,Maya,Dubois,Granite Works,Halifax,Canada,+11-681-427-6155,(261)570-7771,maya.dubois27@example.com,2022-08-28,https://www.granite58.example.com
29,a9EAaE6BEc08f9e,Liam,Smith,Granite Works,Curitiba,Brazil,+33-253-825-2113,(584)916-8280,liam.smith28@example.com,2022-07-28,https://www.granite13.example.com
30,ebeBbFbEF8DE1E4,Zara,Garcia,Orchid Health,Calgary,Canada,+53-786-471-8318,(486)455-9613,zara.garcia29@example.com,2021-09-12,https://www.orchid6.example.com
31,eC10f0369fE7597,Maya,Mehta,Orchid Health,Berlin,Germany,+65-259-119-4682,(509)455-9008,maya.mehta30@example.com,2022-03-25,https://www.orchid38.example.com
32,2d6d1734A8e7A07,Hana,Müller,Vertex Logistics,Bristol,United Kingdom,+32-735-632-5544,(241)549-9473,hana.muller31@example.com,2020-05-23,https://www.vertex20.example.com
33,a3FAFCD861Ad517,Isla,Rossi,Vertex Logistics,Hobart,Australia,+63-415-663-2227,(722)776-9720,isla.rossi32@example.com,2021-03-12,https://www.vertex54.example.com
34,dE949796e1ebB9a,Isla,Walker,Lumen Media,Leeds,United Kingdom,+14-868-849-5077,(372)604-6275,isla.walker33@example.com,2022-10-08,https://www.lumen51.example.com
35,28b77CAd3b1eEE0,Zara,Walker,Blue Harbor Ltd,Bengaluru,India,+34-230-391-1690,(281)640-2265,zara.walker34@example.com,2022-05-23,https://www.blue49.example.com
36,ecD36aFF0F83E8f,Ethan,Lopez,Sparrow Retail,Lyon,France,+1-347-150-8510,(804)901-5964,ethan.lopez35@example.com,2022-05-12,https://www.sparrow74.example.com
37,B81Db6A1F0dd2fc,Sofia,Tanaka,Pioneer Labs,Recife,Brazil,+36-698-968-6489,(368)609-8463,sofia.tanaka36@example.com,2021-02-14,https://www.pioneer45.example.com
38,Da41Bf05BfeFb46,Priya,Garcia,Lumen Media,Berlin,Germany,+16-980-186-3231,(349)874-8596,priya.garcia37@example.com,2020-01-11,https://www.lumen48.example.com
39,34Bf1419F75D2A8,Emma,Dubois,Blue Harbor Ltd,Bristol,United Kingdom,+14-215-344-6617,(302)214-6227,emma.dubois38@example.com,2020-03-04,https://www.blue58.example.com
40,4dB5A6D9beeeb65,Nina,Nguyen,Lumen Media,Bristol,United Kingdom,+89-408-127-6860,(567)217-4468,nina.nguyen39@example.com,2020-04-10,https://www.lumen30.example.com
41,AdEDFe3FBdD3FdE,Hana,Shah,Sparrow Retail,Bristol,United Kingdom,+30-985-629-8307,(749)864-6770,hana.shah40@example.com,2021-06-22,https://www.sparrow40.example.com
42,8ccB437F91c8e1e,Omar,Mehta,Summit Energy,Austin,United States,+59-637-107-2723,(853)124-9548,omar.mehta41@example.com,2020-11-21,https://www.summit53.example.com
43,c11a73Ea4C8aafD,Isla,Shah,Summit Energy,Ahmedabad,India,+98-577-830-2581,(680)478-9184,isla.shah42@example.com,2021-01-19,https://www.summit49.example.com
44,E746c0A2cDEF80b,Ethan,Smith,Orchid Health,Mumbai,India,+14-806-143-9258,(629)795-7799,ethan.smith43@example.com,2021-10-13,https://www.orchid13.example.com
45,5FDD1cec51C9D61,Chloe,Kim,Summit Energy,Osaka,Japan,+21-218-952-5693,(729)518-8910,chloe.kim44@example.com,2021-02-17,https://www.summit60.example.com
46,3cCEdcEEDA039eb,Priya,Shah,Blue Harbor Ltd,Bristol,United Kingdom,+65-748-617-3740,(696)229-4980,priya.shah45@example.com,2020-05-16,https://www.blue73.example.com
47,b4b8a6D86ab3E6d,Noah,Brown,Summit Energy,Munich,Germany,+21-586-619-3522,(236)956-5878,noah.brown46@example.com,2022-01-20,https://www.summit23.example.com
48,eF365BafD6Db75e,Hana,Brown,Orchid Health,Austin,United States,+69-641-879-5776,(927)127-9925,hana.brown47@example.com,2021-08-23,https://www.orchid19.example.com
49,A5967BF5d0e786A,Hana,Rossi,Granite Works,Denver,United States,+1-646-238-3990,(399)462-7323,hana.rossi48@example.com,2021-09-10,https://www.granite48.example.com
50,4d65a3Cd8bD422A,Ravi,Patel,Lumen Media,Bengaluru,India,+91-902-893-1700,(586)822-5056,ravi.patel49@example.com,2021-03-23,https://www.lumen25.example.com
51,50a182D16303B2e,Ravi,Lopez,Blue Harbor Ltd,Bristol,United Kingdom,+26-371-784-1406,(946)590-8177,ravi.lopez50@example.com,2021-07-20,https://www.blue47.example.com
52,7d62D52D00EA8fa,Ravi,Smith,Sparrow Retail,Sapporo,Japan,+5-296-496-3689,(379)352-5496,ravi.smith51@example.com,2022-01-03,https://www.sparrow88.example.com
53,6d15d7C7BbD69Dc,Hana,Patel,Summit Energy,Austin,United States,+86-358-166-1665,(624)599-3135,hana.patel52@example.com,2022-02-14,https://www.summit26.example.com
54,6bBfA0AE7A59eFC,Aarav,Lopez,Blue Harbor Ltd,Recife,Brazil,+96-407-933-3081,(319)209-5713,aarav.lopez53@example.com,2021-07-04,https://www.blue45.example.com
55,c13fBeb4cAa7B5A,Emma,Dubois,Lumen Media,Mumbai,India,+85-585-335-4736,(411)806-8966,emma.dubois54@example.com,2020-03-28,https://www.lumen15.example.com
56,9ed19BD9eFb6f0f,Liam,Khan,Sparrow Retail,Sapporo,Japan,+55-789-974-8420,(897)740-8147,liam.khan55@example.com,2020-12-04,https://www.sparrow57.example.com
57,Fd1Dae647e8A0bF,Emma,Rossi,Orchid Health,Curitiba,Brazil,+6-506-800-9467,(865)863-4283,emma.rossi56@example.com,2020-11-28,https://www.orchid36.example.com
58,dC45dfF2373B95d,Aarav,Kim,Pioneer Labs,Denver,United States,+4-663-869-5002,(781)935-3068,aarav.kim57@example.com,2020-01-12,https://www.pioneer7.example.com
59,A785d4AeA6B16f7,Ethan,Dubois,Nimbus Analytics,Halifax,Canada,+36-963-838-6284,(975)684-2830,ethan.dubois58@example.com,2021-07-19,https://www.nimbus53.example.com
60,cE6eBDdd807279a,Kenji,Walker,Pioneer Labs,Bengaluru,India,+51-336-570-4129,(203)141-2232,kenji.walker59@example.com,2022-04-16,https://www.pioneer11.example.com
61,867697d14DE7d21,Ravi,Tanaka,Vertex Logistics,Berlin,Germany,+94-914-398-4399,(773)964-3019,ravi.tanaka60@example.com,2021-12-09,https://www.vertex1.example.com
62,bdDdd9b925aaAae,Leah,Shah,Nimbus Analytics,Austin,United States,+83-517-884-8948,(314)293-9037,leah.shah61@example.com,2022-06-21,https://www.nimbus4.example.com
63,de87ED32DB0Df42,Ethan,Müller,Lumen Media,Calgary,Canada,+82-234-886-3074,(978)799-5183,ethan.muller62@example.com,2021-11-11,https://www.lumen39.example.com
64,9D3EAe76F171b9D,Omar,Kim,Nimbus Analytics,Denver,United States,+93-892-680-8748,(880)238-4958,omar.kim63@example.com,2021-03-06,https://www.nimbus67.example.com
65,AbccAEa9b9DFbA7,Maya,Shah,Kestrel Foods,Boston,United States,+28-311-452-7065,(555)568-7481,maya.shah64@example.com,2021-01-13,https://www.kestrel67.example.com
66,7d93A7f64C67E0d,Kenji,Rossi,Sparrow Retail,Boston,United States,+52-543-244-7210,(923)921-2477,kenji.rossi65@example.com,2022-02-25,https://www.sparrow86.example.com
67,04189a7fcaFB948,Chloe,Brown,Pioneer Labs,Bristol,United Kingdom,+38-993-434-1489,(282)283-6042,chloe.brown66@example.com,2022-04-01,https://www.pioneer45.example.com
68,4D863C54BDEAB0f,Emma,Brown,Summit Energy,Bengaluru,India,+11-844-898-4982,(979)658-6942,emma.brown67@example.com,2021-04-19,https://www.summit29.example.com
69,cAAfa94caEf26a6,Diego,Shah,Vertex Logistics,Curitiba,Brazil,+55-314-245-5216,(880)768-6127,diego.shah68@example.com,2022-12-08,https://www.vertex22.example.com
70,F5C3a4620E5bEc7,Maya,Brown,Blue Harbor Ltd,Nantes,France,+21-591-809-3371,(245)466-4545,maya.brown69@example.com,2022-07-20,https://www.blue6.example.com
71,b4d5Dab3fc5FCD8,Diego,Khan,Blue Harbor Ltd,Perth,Australia,+4-261-164-5317,(258)351-2325,diego.khan70@example.com,2020-12-06,https://www.blue1.example.com
72,1EeDbA2b93eE72B,Zara,Mehta,Pioneer Labs,Curitiba,Brazil,+90-299-356-5054,(840)520-7178,zara.mehta71@example.com,2020-03-06,https://www.pioneer18.example.com
73,bA6f6beC2c882FC,Diego,Khan,Orchid Health,Ahmedabad,India,+94-836-948-9609,(347)642-3602,diego.khan72@example.com,2022-01-01,https://www.orchid16.example.com
74,cdaF77d50FcD34e,Emma,Silva,Pioneer Labs,Denver,United States,+96-831-520-5299,(846)183-5929,emma.silva73@example.com,2020-01-20,https://www.pioneer41.example.com
75,FaAD098784eABC4,Omar,Mehta,Pioneer Labs,Ahmedabad,India,+6-886-372-5516,(826)220-6321,omar.mehta74@example.com,2022-02-05,https://www.pioneer32.example.com
76,7f4D48EF1F9BEf2,Ethan,Tanaka,Vertex Logistics,Osaka,Japan,+9-247-846-1319,(281)943-2693,ethan.tanaka75@example.com,2021-05-02,https://www.vertex61.example.com
77,cEd69da3EaCcC00,Noah,Silva,Lumen Media,Bengaluru,India,+93-995-676-6362,(847)816-9438,noah.silva76@example.com,2021-11-18,https://www.lumen55.example.com
78,e888D3EECaC8f35,Sofia,Brown,Vertex Logistics,Mumbai,India,+92-727-192-9935,(975)652-7624,sofia.brown77@example.com,2021-04-26,https://www.vertex1.example.com
79,dB297F2A0eBf7Ca,Kenji,Garcia,Blue Harbor Ltd,Perth,Australia,+92-483-402-9761,(882)719-6641,kenji.garcia78@example.com,2021-08-22,https://www.blue35.example.com
80,daC7CAea04Caf0A,Hana,Lopez,Pioneer Labs,Bengaluru,India,+37-794-933-5502,(731)681-9823,hana.lopez79@example.com,2021-06-17,https://www.pioneer83.example.com
81,280C7D81B3C2c8b,Ravi,Dubois,Orchid Health,Leeds,United Kingdom,+54-602-694-6338,(945)858-9301,ravi.dubois80@example.com,2022-07-26,https://www.orchid89.example.com
82,c71667ACfBf1EBa,Mateo,Nguyen,Sparrow Retail,Berlin,Germany,+78-426-145-2141,(959)599-5371,mateo.nguyen81@example.com,2021-06-13,https://www.sparrow83.example.com
83,2aFcAAc0fBffDdB,Kenji,Rossi,Summit Energy,Austin,United States,+90-825-277-9719,(459)706-1931,kenji.rossi82@example.com,2020-07-13,https://www.summit40.example.com
84,6AbDC364BEEcEe4,Liam,Shah,Sparrow Retail,Durban,South Africa,+95-505-576-4368,(632)703-2558,liam.shah83@example.com,2020-12-07,https://www.sparrow77.example.com
85,becD8ccfdBFd2aF,Chloe,Mehta,Summit Energy,Boston,United States,+34-354-830-5411,(822)489-2285,chloe.mehta84@example.com,2021-06-08,https://www.summit42.example.com
86,CAa559baF5Ab5E9,Zara,Dubois,Nimbus Analytics,Recife,Brazil,+37-976-923-7899,(430)798-7565,zara.dubois85@example.com,2022-12-22,https://www.nimbus76.example.com
87,d34560EC6706f6f,Ravi,Khan,Granite Works,Recife,Brazil,+91-787-233-8732,(350)564-3477,ravi.khan86@example.com,2021-04-25,https://www.granite67.example.com
88,48837fd3f3b7ca2,Isla,Dubois,Summit Energy,Bristol,United Kingdom,+9-248-484-8616,(603)104-8431,isla.dubois87@example.com,2022-07-27,https://www.summit49.example.com
89,1f706a34A49Ea26,Diego,Dubois,Vertex Logistics,Recife,Brazil,+35-966-565-3948,(517)638-9807,diego.dubois88@example.com,2022-02-25,https://www.vertex82.example.com
90,E8d05D1bcEa0dC7,Chloe,Smith,Vertex Logistics,Bristol,United Kingdom,+65-650-970-9489,(277)731-8977,chloe.smith89@example.com,2020-05-22,https://www.vertex34.example.com
91,e343b54fbCca378,Kenji,Walker,Orchid Health,Ahmedabad,India,+51-996-707-1636,(397)647-3368,kenji.walker90@example.com,2020-03-08,https://www.orchid47.example.com
92,9fA75AF0aFc1A7c,Sofia,Nguyen,Summit Energy,Ahmedabad,India,+7-535-548-1166,(928)319-6992,sofia.nguyen91@example.com,2020-10-12,https://www.summit5.example.com
93,2ebd4Ac1CAB6b35,Sofia,Müller,Granite Works,Boston,United States,+28-975-941-6789,(246)739-5325,sofia.muller92@example.com,2021-02-16,https://www.granite72.example.com
94,aCEEaEBDAEa4ec3,Leah,Lopez,Sparrow Retail,Sapporo,Japan,+17-606-667-6747,(363)488-7871,leah.lopez93@example.com,2022-02-21,https://www.sparrow54.example.com
95,6fc8E6f9fB2c4E8,Lucas,Walker,Sparrow Retail,Boston,United States,+44-906-694-3345,(392)175-7755,lucas.walker94@example.com,2021-11-27,https://www.sparrow75.example.com
96,5fd5eC3a317Ddf7,Noah,Mehta,Lumen Media,Denver,United States,+44-475-151-5590,(782)976-4711,noah.mehta95@example.com,2021-09-02,https://www.lumen70.example.com
97,e48D13D33AB0fca,Omar,Garcia,Lumen Media,Lyon,France,+41-705-334-4641,(758)437-7874,omar.garcia96@example.com,2021-09-10,https://www.lumen75.example.com
98,dC8F0cDd58E6bAB,Ravi,Brown,Granite Works,Halifax,Canada,+38-283-971-8986,(478)798-5173,ravi.brown97@example.com,2020-11-03,https://www.granite22.example.com
99,cD2dEbd7cccbACC,Maya,Mehta,Kestrel Foods,Bengaluru,India,+14-441-706-5564,(366)412-3014,maya.mehta98@example.com,2022-10-16,https://www.kestrel15.example.com
100,feDd5D8E9a7D4D6,Diego,Tanaka,Nimbus Analytics,Sapporo,Japan,+82-475-836-2435,(788)779-2558,diego.tanaka99@example.com,2021-05-01,https://www.nimbus41.example.com
