Month,Region,Product,Units,Revenue,Cost
2025-01,North,Starter,50,2450.0,1128.41
2025-01,North,Pro,49,6321.0,3969.33
2025-01,North,Enterprise,4,1996.0,1349.52
2025-01,South,Starter,32,1568.0,746.32
2025-01,South,Pro,28,3612.0,2476.51
2025-01,South,Enterprise,8,3992.0,2568.24
2025-01,East,Starter,46,2254.0,1166.23
2025-01,East,Pro,37,4773.0,3217.42
2025-01,East,Enterprise,1,499.0,344.37
2025-01,West,Starter,63,3087.0,1927.08
2025-01,West,Pro,58,7482.0,4929.04
2025-01,West,Enterprise,18,8982.0,5673.81
2025-02,North,Starter,59,2891.0,1977.16
2025-02,North,Pro,51,6579.0,3355.85
2025-02,North,Enterprise,4,1996.0,924.87
2025-02,South,Starter,38,1862.0,1088.18
2025-02,South,Pro,35,4515.0,3030.68
2025-02,South,Enterprise,4,1996.0,1388.99
2025-02,East,Starter,37,1813.0,1152.4
2025-02,East,Pro,45,5805.0,3949.82
2025-02,East,Enterprise,9,4491.0,3058.92
2025-02,West,Starter,47,2303.0,1334.39
2025-02,West,Pro,69,8901.0,5225.56
2025-02,West,Enterprise,15,7485.0,5217.39
2025-03,North,Starter,56,2744.0,1677.94
2025-03,North,Pro,54,6966.0,3971.96
2025-03,North,Enterprise,5,2495.0,1418.78
2025-03,South,Starter,35,1715.0,811.04
2025-03,South,Pro,32,4128.0,1941.02
2025-03,South,Enterprise,1,499.0,274.69
2025-03,East,Starter,39,1911.0,1130.01
2025-03,East,Pro,37,4773.0,2962.06
2025-03,East,Enterprise,1,499.0,249.6
2025-03,West,Starter,74,3626.0,2158.01
2025-03,West,Pro,66,8514.0,4427.63
2025-03,West,Enterprise,2,998.0,673.96
2025-04,North,Starter,44,2156.0,1030.36
2025-04,North,Pro,46,5934.0,3662.28
2025-04,North,Enterprise,5,2495.0,1641.66
2025-04,South,Starter,27,1323.0,645.47
2025-04,South,Pro,37,4773.0,2913.09
2025-04,South,Enterprise,8,3992.0,2781.04
2025-04,East,Starter,39,1911.0,921.58
2025-04,East,Pro,48,6192.0,3396.86
2025-04,East,Enterprise,1,499.0,340.74
2025-04,West,Starter,54,2646.0,1805.5
2025-04,West,Pro,59,7611.0,4125.3
2025-04,West,Enterprise,6,2994.0,2005.91
2025-05,North,Starter,49,2401.0,1552.54
2025-05,North,Pro,49,6321.0,3367.74
2025-05,North,Enterprise,1,499.0,306.05
2025-05,South,Starter,39,1911.0,949.93
2025-05,South,Pro,31,3999.0,1952.78
2025-05,South,Enterprise,11,5489.0,2946.66
2025-05,East,Starter,43,2107.0,1315.84
2025-05,East,Pro,39,5031.0,3424.63
2025-05,East,Enterprise,9,4491.0,3052.36
2025-05,West,Starter,65,3185.0,2226.43
2025-05,West,Pro,70,9030.0,5148.34
2025-05,West,Enterprise,7,3493.0,2266.32
2025-06,North,Starter,53,2597.0,1612.79
2025-06,North,Pro,36,4644.0,2178.68
2025-06,North,Enterprise,19,9481.0,4439.12
2025-06,South,Starter,30,1470.0,912.13
2025-06,South,Pro,29,3741.0,1984.71
2025-06,South,Enterprise,4,1996.0,1297.91
2025-06,East,Starter,32,1568.0,822.08
2025-06,East,Pro,35,4515.0,2419.35
2025-06,East,Enterprise,1,499.0,285.85
2025-06,West,Starter,58,2842.0,1515.96
2025-06,West,Pro,64,8256.0,4390.91
2025-06,West,Enterprise,7,3493.0,1947.68
2025-07,North,Starter,54,2646.0,1535.3
2025-07,North,Pro,47,6063.0,2844.95
2025-07,North,Enterprise,16,7984.0,3780.29
2025-07,South,Starter,20,980.0,473.18
2025-07,South,Pro,25,3225.0,2252.37
2025-07,South,Enterprise,7,3493.0,1917.93
2025-07,East,Starter,36,1764.0,955.33
2025-07,East,Pro,34,4386.0,2121.88
2025-07,East,Enterprise,16,7984.0,3807.98
2025-07,West,Starter,53,2597.0,1320.02
2025-07,West,Pro,66,8514.0,4896.89
2025-07,West,Enterprise,10,4990.0,2575.35
2025-08,North,Starter,58,2842.0,1399.27
2025-08,North,Pro,31,3999.0,2536.13
2025-08,North,Enterprise,8,3992.0,1975.5
2025-08,South,Starter,26,1274.0,677.1
2025-08,South,Pro,26,3354.0,2321.38
2025-08,South,Enterprise,2,998.0,542.96
2025-08,East,Starter,40,1960.0,1070.4
2025-08,East,Pro,42,5418.0,3162.35
2025-08,East,Enterprise,8,3992.0,1817.73
2025-08,West,Starter,57,2793.0,1752.44
2025-08,West,Pro,62,7998.0,4434.33
2025-08,West,Enterprise,17,8483.0,5118.72
2025-09,North,Starter,48,2352.0,1367.24
2025-09,North,Pro,50,6450.0,3135.37
2025-09,North,Enterprise,10,4990.0,2742.22
2025-09,South,Starter,40,1960.0,1014.39
2025-09,South,Pro,30,3870.0,2426.04
2025-09,South,Enterprise,9,4491.0,2051.94
2025-09,East,Starter,46,2254.0,1115.56
2025-09,East,Pro,34,4386.0,1986.06
2025-09,East,Enterprise,6,2994.0,1701.6
2025-09,West,Starter,84,4116.0,2438.61
2025-09,West,Pro,62,7998.0,4632.48
2025-09,West,Enterprise,1,499.0,239.91
2025-10,North,Starter,67,3283.0,2146.04
2025-10,North,Pro,49,6321.0,3328.3
2025-10,North,Enterprise,18,8982.0,4384.35
2025-10,South,Starter,41,2009.0,1147.98
2025-10,South,Pro,40,5160.0,2340.44
2025-10,South,Enterprise,14,6986.0,4602.26
2025-10,East,Starter,44,2156.0,1128.68
2025-10,East,Pro,52,6708.0,3184.83
2025-10,East,Enterprise,9,4491.0,2714.53
2025-10,West,Starter,72,3528.0,2365.95
2025-10,West,Pro,85,10965.0,6054.25
2025-10,West,Enterprise,14,6986.0,3232.2
2025-11,North,Starter,79,3871.0,1935.27
2025-11,North,Pro,64,8256.0,5439.55
2025-11,North,Enterprise,19,9481.0,4741.04
2025-11,South,Starter,42,2058.0,960.35
2025-11,South,Pro,38,4902.0,2727.19
2025-11,South,Enterprise,1,499.0,306.79
2025-11,East,Starter,60,2940.0,1851.52
2025-11,East,Pro,52,6708.0,3788.18
2025-11,East,Enterprise,21,10479.0,5422.71
2025-11,West,Starter,66,3234.0,1830.76
2025-11,West,Pro,70,9030.0,4533.37
2025-11,West,Enterprise,2,998.0,669.5
2025-12,North,Starter,70,3430.0,2104.91
2025-12,North,Pro,58,7482.0,4451.03
2025-12,North,Enterprise,8,3992.0,2519.92
2025-12,South,Starter,34,1666.0,1085.46
2025-12,South,Pro,40,5160.0,3293.86
2025-12,South,Enterprise,4,1996.0,1161.2
2025-12,East,Starter,58,2842.0,1357.03
2025-12,East,Pro,51,6579.0,3414.37
2025-12,East,Enterprise,4,1996.0,899.23
2025-12,West,Starter,91,4459.0,2143.04
2025-12,West,Pro,68,8772.0,5845.0
2025-12,West,Enterprise,14,6986.0,3318.01
